label	hash	artifact	seed	zone	floor	profession	viewport	probeIntent	tileset	visibleMaterialCells	boundsWidth	boundsHeight	fillRatioPermille	playerOffset	topologySignature
dark-uiux-pr08-generalization-ruins-proof-baseline	d79563d35243fbbd79d185f06f3c9817312a3287193b4b3361a48cfd2d904270	client/build/reports/golden/dark-uiux-pr08-generalization/dark-uiux-pr08-generalization-ruins-proof-baseline.png	2026051102	shattered_outpost	1	vanguard	1280x800	fixed proof crop baseline	tileset.ruins	92	13	9	786	5_4	tileset.ruins:13x9:786:5_4:92
dark-uiux-pr08-generalization-ruins-seed-2026060801	6926211c5c8969a3e8cbe40eec0779bc2bdcb2fa4ca16e5941b06260a5883b8b	client/build/reports/golden/dark-uiux-pr08-generalization/dark-uiux-pr08-generalization-ruins-seed-2026060801.png	2026060801	shattered_outpost	1	vanguard	1280x800	compact or near-start room variance	tileset.ruins	158	14	13	868	6_6	tileset.ruins:14x13:868:6_6:158
dark-uiux-pr08-generalization-ruins-seed-2026060802	22a140eb257359ce53f344690756408f726d840441cad04602d4d4ff2a1f1d82	client/build/reports/golden/dark-uiux-pr08-generalization/dark-uiux-pr08-generalization-ruins-seed-2026060802.png	2026060802	shattered_outpost	1	rogue	1280x800	wide room or lateral bounds variance	tileset.ruins	95	13	12	608	4_4	tileset.ruins:13x12:608:4_4:95
dark-uiux-pr08-generalization-ruins-seed-2026060803	3ad0c035a05807cd3fa338a3e2d1c7515d154844b974b6c606b9d4930a0e97c7	client/build/reports/golden/dark-uiux-pr08-generalization/dark-uiux-pr08-generalization-ruins-seed-2026060803.png	2026060803	shattered_outpost	1	arcanist	1280x800	tall room or vertical bounds variance	tileset.ruins	162	16	15	675	7_6	tileset.ruins:16x15:675:7_6:162
dark-uiux-pr08-generalization-ruins-seed-2026060804-floor2	0254226b8426774c31c83c72ce92def0e49b929cf1130090e35f48487c27a7a1	client/build/reports/golden/dark-uiux-pr08-generalization/dark-uiux-pr08-generalization-ruins-seed-2026060804-floor2.png	2026060804	shattered_outpost	2	vanguard	1280x800	corridor-heavy visible-region variance	tileset.ruins	101	13	12	647	5_4	tileset.ruins:13x12:647:5_4:101
dark-uiux-pr08-generalization-ruins-seed-2026060805-floor2	1e1d79afff068d95874e8d80430349ff75d936d4b8805205466349185508cbc0	client/build/reports/golden/dark-uiux-pr08-generalization/dark-uiux-pr08-generalization-ruins-seed-2026060805-floor2.png	2026060805	shattered_outpost	2	templar	1280x800	offset or L-like visible-region variance	tileset.ruins	117	15	12	650	6_4	tileset.ruins:15x12:650:6_4:117
dark-uiux-pr08-generalization-ruins-seed-2026060806	06ee477ef6ff02f736f785ff90515f7ab0217f27d512a2fa2e3053d65f8a25fc	client/build/reports/golden/dark-uiux-pr08-generalization/dark-uiux-pr08-generalization-ruins-seed-2026060806.png	2026060806	shattered_outpost	1	berserker	1280x800	mixed room and corridor visibility variance	tileset.ruins	128	9	16	888	4_7	tileset.ruins:9x16:888:4_7:128
dark-uiux-pr08-generalization-ruins-seed-2026060807-floor2	4a026a7eeed05e7d72f0908b2fa21d2c72ca6532a9e33e870b1c38d2a3daac27	client/build/reports/golden/dark-uiux-pr08-generalization/dark-uiux-pr08-generalization-ruins-seed-2026060807-floor2.png	2026060807	shattered_outpost	2	rogue	1280x800	alternate procedural room-shape variance	tileset.ruins	130	12	14	773	6_5	tileset.ruins:12x14:773:6_5:130
dark-uiux-pr08-generalization-board	N/A	client/build/reports/golden/dark-uiux-pr08-generalization/dark-uiux-pr08-generalization-board.png	N/A	N/A	N/A	N/A	1280x800	4x2 D8 crop board	N/A	N/A	N/A	N/A	N/A	N/A	N/A
